INSERT INTO collections (name, slug, image, weight, description,banDiscount) VALUES ('Анчар', 'anchar', 'http://vostok-europe.shop/wp-content/uploads/2019/12/anchar-image.jpg', -100, 'Lorem ipsum dolor sit amet, consectetur adipiscing elit, sed do eiusmod tempor incididunt ut labore et dolore magna aliqua. Accumsan tortor posuere ac ut consequat semper viverra. Sit amet justo donec enim diam. Massa massa ultricies mi quis. Lectus proin nibh nisl condimentum id venenatis a condimentum vitae. Accumsan in nisl nisi scelerisque eu ultrices vitae auctor eu. Diam quis enim lobortis scelerisque fermentum dui faucibus in. Elementum sagittis vitae et leo duis ut diam quam. Massa tincidunt dui ut ornare lectus sit amet est. Diam vel quam elementum pulvinar etiam non quam. Nibh mauris cursus mattis molestie a iaculis.',TRUE);INSERT INTO collections (name, slug, image, weight, description,banDiscount) VALUES ('Ундина', 'undina', 'http://vostok-europe.shop/wp-content/uploads/2019/12/anchar-image.jpg', -1100, 'Lorem ipsum dolor sit amet, consectetur adipiscing elit, sed do eiusmod tempor incididunt ut labore et dolore magna aliqua. Accumsan tortor posuere ac ut consequat semper viverra. Sit amet justo donec enim diam. Massa massa ultricies mi quis. Lectus proin nibh nisl condimentum id venenatis a condimentum vitae. Accumsan in nisl nisi scelerisque eu ultrices vitae auctor eu. Diam quis enim lobortis scelerisque fermentum dui faucibus in. Elementum sagittis vitae et leo duis ut diam quam. Massa tincidunt dui ut ornare lectus sit amet est. Diam vel quam elementum pulvinar etiam non quam. Nibh mauris cursus mattis molestie a iaculis.',TRUE);INSERT INTO collections (name, slug, image, weight, description,banDiscount) VALUES ('Мрия', 'mriya', 'http://vostok-europe.shop/wp-content/uploads/2019/12/mriya-image.jpg', -1000, 'Lorem ipsum dolor sit amet, consectetur adipiscing elit, sed do eiusmod tempor incididunt ut labore et dolore magna aliqua. Accumsan tortor posuere ac ut consequat semper viverra. Sit amet justo donec enim diam. Massa massa ultricies mi quis. Lectus proin nibh nisl condimentum id venenatis a condimentum vitae. Accumsan in nisl nisi scelerisque eu ultrices vitae auctor eu. Diam quis enim lobortis scelerisque fermentum dui faucibus in. Elementum sagittis vitae et leo duis ut diam quam. Massa tincidunt dui ut ornare lectus sit amet est. Diam vel quam elementum pulvinar etiam non quam. Nibh mauris cursus mattis molestie a iaculis.',TRUE);INSERT INTO collections (name, slug, image, weight, description,banDiscount) VALUES ('Экраноплан', 'ekranoplan', 'http://vostok-europe.shop/wp-content/uploads/2019/12/ekranoplan-image.jpg', -400, 'Lorem ipsum dolor sit amet, consectetur adipiscing elit, sed do eiusmod tempor incididunt ut labore et dolore magna aliqua. Accumsan tortor posuere ac ut consequat semper viverra. Sit amet justo donec enim diam. Massa massa ultricies mi quis. Lectus proin nibh nisl condimentum id venenatis a condimentum vitae. Accumsan in nisl nisi scelerisque eu ultrices vitae auctor eu. Diam quis enim lobortis scelerisque fermentum dui faucibus in. Elementum sagittis vitae et leo duis ut diam quam. Massa tincidunt dui ut ornare lectus sit amet est. Diam vel quam elementum pulvinar etiam non quam. Nibh mauris cursus mattis molestie a iaculis.',TRUE);INSERT INTO collections (name, slug, image, weight, description,banDiscount) VALUES ('Ракета №1', 'raketa-n1', 'http://vostok-europe.shop/wp-content/uploads/2019/12/raketa-n1-image.jpg', -600, 'Lorem ipsum dolor sit amet, consectetur adipiscing elit, sed do eiusmod tempor incididunt ut labore et dolore magna aliqua. Accumsan tortor posuere ac ut consequat semper viverra. Sit amet justo donec enim diam. Massa massa ultricies mi quis. Lectus proin nibh nisl condimentum id venenatis a condimentum vitae. Accumsan in nisl nisi scelerisque eu ultrices vitae auctor eu. Diam quis enim lobortis scelerisque fermentum dui faucibus in. Elementum sagittis vitae et leo duis ut diam quam. Massa tincidunt dui ut ornare lectus sit amet est. Diam vel quam elementum pulvinar etiam non quam. Nibh mauris cursus mattis molestie a iaculis.',TRUE);INSERT INTO collections (name, slug, image, weight, description,banDiscount) VALUES ('Эверест', 'everest', 'http://vostok-europe.shop/wp-content/uploads/2019/12/everest-image.jpg', -700, 'Lorem ipsum dolor sit amet, consectetur adipiscing elit, sed do eiusmod tempor incididunt ut labore et dolore magna aliqua. Accumsan tortor posuere ac ut consequat semper viverra. Sit amet justo donec enim diam. Massa massa ultricies mi quis. Lectus proin nibh nisl condimentum id venenatis a condimentum vitae. Accumsan in nisl nisi scelerisque eu ultrices vitae auctor eu. Diam quis enim lobortis scelerisque fermentum dui faucibus in. Elementum sagittis vitae et leo duis ut diam quam. Massa tincidunt dui ut ornare lectus sit amet est. Diam vel quam elementum pulvinar etiam non quam. Nibh mauris cursus mattis molestie a iaculis.',TRUE);INSERT INTO collections (name, slug, image, weight, description,banDiscount) VALUES ('Алмаз', 'almaz', 'http://vostok-europe.shop/wp-content/uploads/2019/12/almaz-image.jpg', -900, 'Lorem ipsum dolor sit amet, consectetur adipiscing elit, sed do eiusmod tempor incididunt ut labore et dolore magna aliqua. Accumsan tortor posuere ac ut consequat semper viverra. Sit amet justo donec enim diam. Massa massa ultricies mi quis. Lectus proin nibh nisl condimentum id venenatis a condimentum vitae. Accumsan in nisl nisi scelerisque eu ultrices vitae auctor eu. Diam quis enim lobortis scelerisque fermentum dui faucibus in. Elementum sagittis vitae et leo duis ut diam quam. Massa tincidunt dui ut ornare lectus sit amet est. Diam vel quam elementum pulvinar etiam non quam. Nibh mauris cursus mattis molestie a iaculis.',TRUE);INSERT INTO collections (name, slug, image, weight, description,banDiscount) VALUES ('Энергия', 'energy', 'http://vostok-europe.shop/wp-content/uploads/2019/12/energia-image.jpg', -800, 'Lorem ipsum dolor sit amet, consectetur adipiscing elit, sed do eiusmod tempor incididunt ut labore et dolore magna aliqua. Accumsan tortor posuere ac ut consequat semper viverra. Sit amet justo donec enim diam. Massa massa ultricies mi quis. Lectus proin nibh nisl condimentum id venenatis a condimentum vitae. Accumsan in nisl nisi scelerisque eu ultrices vitae auctor eu. Diam quis enim lobortis scelerisque fermentum dui faucibus in. Elementum sagittis vitae et leo duis ut diam quam. Massa tincidunt dui ut ornare lectus sit amet est. Diam vel quam elementum pulvinar etiam non quam. Nibh mauris cursus mattis molestie a iaculis.',TRUE);INSERT INTO collections (name, slug, image, weight, description,banDiscount) VALUES ('Луноход-2', 'lunokhod-2', 'http://vostok-europe.shop/wp-content/uploads/2019/12/lunokhod-2-image.jpg', -200, 'Lorem ipsum dolor sit amet, consectetur adipiscing elit, sed do eiusmod tempor incididunt ut labore et dolore magna aliqua. Accumsan tortor posuere ac ut consequat semper viverra. Sit amet justo donec enim diam. Massa massa ultricies mi quis. Lectus proin nibh nisl condimentum id venenatis a condimentum vitae. Accumsan in nisl nisi scelerisque eu ultrices vitae auctor eu. Diam quis enim lobortis scelerisque fermentum dui faucibus in. Elementum sagittis vitae et leo duis ut diam quam. Massa tincidunt dui ut ornare lectus sit amet est. Diam vel quam elementum pulvinar etiam non quam. Nibh mauris cursus mattis molestie a iaculis.',TRUE);INSERT INTO collections (name, slug, image, weight, description,banDiscount) VALUES ('ГАЗ-14 Лимузин', 'limousine', 'http://vostok-europe.shop/wp-content/uploads/2019/12/limousine-image.jpg', -300, 'Lorem ipsum dolor sit amet, consectetur adipiscing elit, sed do eiusmod tempor incididunt ut labore et dolore magna aliqua. Accumsan tortor posuere ac ut consequat semper viverra. Sit amet justo donec enim diam. Massa massa ultricies mi quis. Lectus proin nibh nisl condimentum id venenatis a condimentum vitae. Accumsan in nisl nisi scelerisque eu ultrices vitae auctor eu. Diam quis enim lobortis scelerisque fermentum dui faucibus in. Elementum sagittis vitae et leo duis ut diam quam. Massa tincidunt dui ut ornare lectus sit amet est. Diam vel quam elementum pulvinar etiam non quam. Nibh mauris cursus mattis molestie a iaculis.',TRUE);INSERT INTO collections (name, slug, image, weight, description,banDiscount) VALUES ('Экспедиция', 'expedition', 'http://vostok-europe.shop/wp-content/uploads/2019/12/expedition-image.jpg', -500, 'Lorem ipsum dolor sit amet, consectetur adipiscing elit, sed do eiusmod tempor incididunt ut labore et dolore magna aliqua. Accumsan tortor posuere ac ut consequat semper viverra. Sit amet justo donec enim diam. Massa massa ultricies mi quis. Lectus proin nibh nisl condimentum id venenatis a condimentum vitae. Accumsan in nisl nisi scelerisque eu ultrices vitae auctor eu. Diam quis enim lobortis scelerisque fermentum dui faucibus in. Elementum sagittis vitae et leo duis ut diam quam. Massa tincidunt dui ut ornare lectus sit amet est. Diam vel quam elementum pulvinar etiam non quam. Nibh mauris cursus mattis molestie a iaculis.',TRUE);INSERT INTO watches (collection, price, model, brand, stock, description, isNew, discount, gender, mechanism, calibre, mechanismOrigin, watchCase, waterResistant, width, height, thickness,glass,id, collectionSlug) VALUES ('Ракета №1', 25260, '2426/225A270', 'Восток-Европа', '3', 'Часы, выпущенные ограниченным тиражом всего в 500 экземпляров к 100-летнему юбилею Закона о радиорубке. Дизайн часов вдохновлен судовыми часами  «Восток — Радиорубка», которые уже несколько десятилей и вплоть до сегодняшнего дня используются на российских военно-морских судах.', FALSE, 10, 'M', 'automatic', 'Восток 2426', 'ru', 'stainlessSteel', 20, 46, 0, 18,'mineral', 1, 'raketa-n1');INSERT INTO watches (collection, price, model, brand, stock, description, isNew, discount, gender, mechanism, calibre, mechanismOrigin, watchCase, waterResistant, width, height, thickness,glass,id, collectionSlug) VALUES ('Ракета №1', 25560, '2426/225A271', 'Восток-Европа', '2', 'Часы, выпущенные ограниченным тиражом всего в 500 экземпляров к 100-летнему юбилею Закона о радиорубке. Дизайн часов вдохновлен судовыми часами  «Восток — Радиорубка», которые уже несколько десятилей и вплоть до сегодняшнего дня используются на российских военно-морских судах.', FALSE, 10, 'M', 'automatic', 'Восток 2426', 'ru', 'stainlessSteel', 20, 46, 0, 18,'mineral', 2, 'raketa-n1');INSERT INTO watches (collection, price, model, brand, stock, description, isNew, discount, gender, mechanism, calibre, mechanismOrigin, watchCase, waterResistant, width, height, thickness,glass,id, collectionSlug) VALUES ('Ракета №1', 28280, '2426/225C269', 'Восток-Европа', '3', 'Часы, выпущенные ограниченным тиражом всего в 500 экземпляров к 100-летнему юбилею Закона о радиорубке. Дизайн часов вдохновлен судовыми часами  «Восток — Радиорубка», которые уже несколько десятилей и вплоть до сегодняшнего дня используются на российских военно-морских судах.', FALSE, 10, 'M', 'automatic', 'Восток 2426', 'ru', 'stainlessSteel', 20, 46, 0, 18,'mineral', 3, 'raketa-n1');INSERT INTO watches (collection, price, model, brand, stock, description, isNew, discount, gender, mechanism, calibre, mechanismOrigin, watchCase, waterResistant, width, height, thickness,glass,id, collectionSlug) VALUES ('Ракета №1', 28280, '2426/225D267', 'Восток-Европа', '1', 'Часы, выпущенные ограниченным тиражом всего в 500 экземпляров к 100-летнему юбилею Закона о радиорубке. Дизайн часов вдохновлен судовыми часами  «Восток — Радиорубка», которые уже несколько десятилей и вплоть до сегодняшнего дня используются на российских военно-морских судах.', FALSE, 10, 'M', 'automatic', 'Восток 2426', 'ru', 'stainlessSteel', 20, 46, 0, 18,'mineral', 4, 'raketa-n1');INSERT INTO watches (collection, price, model, brand, stock, description, isNew, discount, gender, mechanism, calibre, mechanismOrigin, watchCase, waterResistant, width, height, thickness,glass,id, collectionSlug) VALUES ('Ракета №1', 28280, '2426/225D268', 'Восток-Европа', '3', 'Часы, выпущенные ограниченным тиражом всего в 500 экземпляров к 100-летнему юбилею Закона о радиорубке. Дизайн часов вдохновлен судовыми часами  «Восток — Радиорубка», которые уже несколько десятилей и вплоть до сегодняшнего дня используются на российских военно-морских судах.', FALSE, 10, 'M', 'automatic', 'Восток 2426', 'ru', 'stainlessSteel', 20, 46, 0, 18,'mineral', 5, 'raketa-n1');INSERT INTO watches (collection, price, model, brand, stock, description, isNew, discount, gender, mechanism, calibre, mechanismOrigin, watchCase, waterResistant, width, height, thickness,glass,id, collectionSlug) VALUES ('ГАЗ-14 Лимузин', 24840, '2426/5601057', 'Восток-Европа', '3', 'Часы, выполненные в классическом стиле и предназначенные для ежедневного использования. Благодаря функции второго часового пояса, Dual Time, вы без труда сможете определить как местное время, так и время в любой другой точке мира.', FALSE, 10, 'M', 'automatic', 'Восток 2426', 'ru', 'stainlessSteel', 5, 43, 0, 14,'mineral', 6, 'limousine');INSERT INTO watches (collection, price, model, brand, stock, description, isNew, discount, gender, mechanism, calibre, mechanismOrigin, watchCase, waterResistant, width, height, thickness,glass,id, collectionSlug) VALUES ('ГАЗ-14 Лимузин', 24840, '2426/5601058', 'Восток-Европа', '1', 'Часы, выполненные в классическом стиле и предназначенные для ежедневного использования. Благодаря функции второго часового пояса, Dual Time, вы без труда сможете определить как местное время, так и время в любой другой точке мира.', FALSE, 10, 'M', 'automatic', 'Восток 2426', 'ru', 'stainlessSteel', 5, 43, 0, 14,'mineral', 7, 'limousine');INSERT INTO watches (collection, price, model, brand, stock, description, isNew, discount, gender, mechanism, calibre, mechanismOrigin, watchCase, waterResistant, width, height, thickness,glass,id) VALUES ('ГАЗ-14 Лимузин', 24840, '2426/5601059', 'Восток-Европа', '1', 'Часы, выполненные в классическом стиле и предназначенные для ежедневного использования. Благодаря функции второго часового пояса, Dual Time, вы без труда сможете определить как местное время, так и время в любой другой точке мира.', FALSE, 10, 'M', 'automatic', 'Восток 2426', 'ru', 'stainlessSteel', 5, 43, 0, 14,'mineral', 8);INSERT INTO watches (collection, price, model, brand, stock, description, isNew, discount, gender, mechanism, calibre, mechanismOrigin, watchCase, waterResistant, width, height, thickness,glass,id) VALUES ('ГАЗ-14 Лимузин', 27420, '2426/5603061', 'Восток-Европа', '1', 'Часы, выполненные в классическом стиле и предназначенные для ежедневного использования. Благодаря функции второго часового пояса, Dual Time, вы без труда сможете определить как местное время, так и время в любой другой точке мира.', FALSE, 10, 'M', 'automatic', 'Восток 2426', 'ru', 'stainlessSteel', 5, 43, 0, 14,'mineral', 9);INSERT INTO watches (collection, price, model, brand, stock, description, isNew, discount, gender, mechanism, calibre, mechanismOrigin, watchCase, waterResistant, width, height, thickness,glass,id) VALUES ('ГАЗ-14 Лимузин', 29140, '2426/5604240', 'Восток-Европа', '1', 'Часы, выполненные в классическом стиле и предназначенные для ежедневного использования. Благодаря функции второго часового пояса, Dual Time, вы без труда сможете определить как местное время, так и время в любой другой точке мира.', FALSE, 10, 'M', 'automatic', 'Восток 2426', 'ru', 'stainlessSteel', 5, 43, 0, 14,'mineral', 10);INSERT INTO images (watchID, url, alt, description, mobile) VALUES (watchID, 'http://vostok-europe.shop/wp-content/uploads/2020/01/vostok-europe-2426-225a270.jpg', 'Alternative', 'Description', '');INSERT INTO images (watchID, url, alt, description, mobile) VALUES (1, 'http://vostok-europe.shop/wp-content/uploads/2020/01/vostok-europe-2426-225a271.jpg', '', '', '');INSERT INTO images (watchID, url, alt, description, mobile) VALUES (2, 'http://vostok-europe.shop/wp-content/uploads/2020/01/vostok-europe-2426-225c269.jpg', '', '', '');INSERT INTO images (watchID, url, alt, description, mobile) VALUES (3, 'http://vostok-europe.shop/wp-content/uploads/2020/01/vostok-europe-2426-225d267.jpg', '', '', '');INSERT INTO images (watchID, url, alt, description, mobile) VALUES (4, 'http://vostok-europe.shop/wp-content/uploads/2020/01/vostok-europe-2426-225d268.jpg', '', '', '');INSERT INTO images (watchID, url, alt, description, mobile) VALUES (5, 'http://vostok-europe.shop/wp-content/uploads/2020/01/vostok-europe-2426-5601057.jpg', '', '', '');INSERT INTO images (watchID, url, alt, description, mobile) VALUES (6, 'http://vostok-europe.shop/wp-content/uploads/2020/01/vostok-europe-2426-5601058.jpg', '', '', '');INSERT INTO images (watchID, url, alt, description, mobile) VALUES (7, 'http://vostok-europe.shop/wp-content/uploads/2020/01/vostok-europe-2426-5601059.jpg', '', '', '');INSERT INTO images (watchID, url, alt, description, mobile) VALUES (8, 'http://vostok-europe.shop/wp-content/uploads/2020/01/vostok-europe-2426-5603061.jpg', '', '', '');INSERT INTO images (watchID, url, alt, description, mobile) VALUES (9, 'http://vostok-europe.shop/wp-content/uploads/2020/01/vostok-europe-2426-5604240.jpg', '', '', '');INSERT INTO properties (id, name) VALUES (id, 'hours');INSERT INTO properties (id, name) VALUES (1, 'minutes');INSERT INTO properties (id, name) VALUES (2, 'seconds');INSERT INTO properties (id, name) VALUES (3, 'date');INSERT INTO properties (id, name) VALUES (4, 'dayOfWeek');INSERT INTO properties (id, name) VALUES (5, 'month');INSERT INTO properties (id, name) VALUES (6, 'year');INSERT INTO properties (id, name) VALUES (7, 'chronometer');INSERT INTO properties (id, name) VALUES (8, 'tacimeter');INSERT INTO properties (id, name) VALUES (9, '12-24');INSERT INTO properties (id, name) VALUES (10, 'alarm');INSERT INTO properties (id, name) VALUES (11, 'worldTimer');INSERT INTO properties (id, name) VALUES (12, 'luminosity');INSERT INTO properties (id, name) VALUES (13, 'powerReserveIndicator');INSERT INTO properties (id, name) VALUES (14, 'openBalance');INSERT INTO properties (id, name) VALUES (15, 'perpetualCalendar');INSERT INTO properties (id, name) VALUES (16, 'coating');INSERT INTO properties (id, name) VALUES (17, 'transparent');INSERT INTO properties (id, name) VALUES (18, 'rotatingBezel');INSERT INTO properties (id, name) VALUES (19, 'powerReserveCapacity');INSERT INTO properties (id, name) VALUES (20, 'screwCrown');INSERT INTO bracelets (id, material, width, integrated, perforated) VALUES (1, 'leather', 22, TRUE, FALSE);INSERT INTO bracelets (id, material, width, integrated, perforated) VALUES (2, 'leather', 22, TRUE, FALSE);INSERT INTO bracelets (id, material, width, integrated, perforated) VALUES (3, 'leather', 22, TRUE, FALSE);INSERT INTO bracelets (id, material, width, integrated, perforated) VALUES (4, 'leather', 22, TRUE, FALSE);INSERT INTO bracelets (id, material, width, integrated, perforated) VALUES (5, 'leather', 22, TRUE, FALSE);INSERT INTO bracelets (id, material, width, integrated, perforated) VALUES (6, 'leather', 22, FALSE, FALSE);INSERT INTO bracelets (id, material, width, integrated, perforated) VALUES (7, 'leather', 22, FALSE, FALSE);INSERT INTO bracelets (id, material, width, integrated, perforated) VALUES (8, 'leather', 22, FALSE, FALSE);INSERT INTO bracelets (id, material, width, integrated, perforated) VALUES (9, 'leather', 22, FALSE, FALSE);INSERT INTO bracelets (id, material, width, integrated, perforated) VALUES (10, 'leather', 22, FALSE, FALSE);INSERT INTO watches_properties (watchID, propertyID, value) VALUES (1, 1,'');INSERT INTO watches_properties (watchID, propertyID, value) VALUES (1, 2,'');INSERT INTO watches_properties (watchID, propertyID, value) VALUES (1, 3,'');INSERT INTO watches_properties (watchID, propertyID, value) VALUES (1, 4,'');INSERT INTO watches_properties (watchID, propertyID, value) VALUES (1, 10,'');INSERT INTO watches_properties (watchID, propertyID, value) VALUES (1, 12,'');INSERT INTO watches_properties (watchID, propertyID, value) VALUES (1, 13,'SuperLuminova');INSERT INTO watches_properties (watchID, propertyID, value) VALUES (1, 18,'');INSERT INTO watches_properties (watchID, propertyID, value) VALUES (1, 19,'Gira sólo así');INSERT INTO watches_properties (watchID, propertyID, value) VALUES (1, 20,'31h');INSERT INTO watches_properties (watchID, propertyID, value) VALUES (1, 21,'');INSERT INTO watches_properties (watchID, propertyID, value) VALUES (2, 1,'');INSERT INTO watches_properties (watchID, propertyID, value) VALUES (2, 2,'');INSERT INTO watches_properties (watchID, propertyID, value) VALUES (2, 3,'');INSERT INTO watches_properties (watchID, propertyID, value) VALUES (2, 4,'');INSERT INTO watches_properties (watchID, propertyID, value) VALUES (2, 10,'');INSERT INTO watches_properties (watchID, propertyID, value) VALUES (2, 12,'');INSERT INTO watches_properties (watchID, propertyID, value) VALUES (2, 13,'SuperLuminova');INSERT INTO watches_properties (watchID, propertyID, value) VALUES (2, 18,'');INSERT INTO watches_properties (watchID, propertyID, value) VALUES (2, 19,'Gira sólo así');INSERT INTO watches_properties (watchID, propertyID, value) VALUES (2, 20,'31h');INSERT INTO watches_properties (watchID, propertyID, value) VALUES (2, 21,'');INSERT INTO watches_properties (watchID, propertyID, value) VALUES (3, 1,'');INSERT INTO watches_properties (watchID, propertyID, value) VALUES (3, 2,'');INSERT INTO watches_properties (watchID, propertyID, value) VALUES (3, 3,'');INSERT INTO watches_properties (watchID, propertyID, value) VALUES (3, 4,'');INSERT INTO watches_properties (watchID, propertyID, value) VALUES (3, 10,'');INSERT INTO watches_properties (watchID, propertyID, value) VALUES (3, 12,'');INSERT INTO watches_properties (watchID, propertyID, value) VALUES (3, 13,'SuperLuminova');INSERT INTO watches_properties (watchID, propertyID, value) VALUES (3, 17,'PVD negro');INSERT INTO watches_properties (watchID, propertyID, value) VALUES (3, 18,'');INSERT INTO watches_properties (watchID, propertyID, value) VALUES (3, 19,'Gira sólo así');INSERT INTO watches_properties (watchID, propertyID, value) VALUES (3, 20,'31h');INSERT INTO watches_properties (watchID, propertyID, value) VALUES (3, 21,'');INSERT INTO watches_properties (watchID, propertyID, value) VALUES (4, 1,'');INSERT INTO watches_properties (watchID, propertyID, value) VALUES (4, 2,'');INSERT INTO watches_properties (watchID, propertyID, value) VALUES (4, 3,'');INSERT INTO watches_properties (watchID, propertyID, value) VALUES (4, 4,'');INSERT INTO watches_properties (watchID, propertyID, value) VALUES (4, 10,'');INSERT INTO watches_properties (watchID, propertyID, value) VALUES (4, 12,'');INSERT INTO watches_properties (watchID, propertyID, value) VALUES (4, 13,'SuperLuminova');INSERT INTO watches_properties (watchID, propertyID, value) VALUES (4, 17,'PVD marrón');INSERT INTO watches_properties (watchID, propertyID, value) VALUES (4, 18,'');INSERT INTO watches_properties (watchID, propertyID, value) VALUES (4, 19,'Gira sólo así');INSERT INTO watches_properties (watchID, propertyID, value) VALUES (4, 20,'31h');INSERT INTO watches_properties (watchID, propertyID, value) VALUES (4, 21,'');INSERT INTO watches_properties (watchID, propertyID, value) VALUES (5, 1,'');INSERT INTO watches_properties (watchID, propertyID, value) VALUES (5, 2,'');INSERT INTO watches_properties (watchID, propertyID, value) VALUES (5, 3,'');INSERT INTO watches_properties (watchID, propertyID, value) VALUES (5, 4,'');INSERT INTO watches_properties (watchID, propertyID, value) VALUES (5, 10,'');INSERT INTO watches_properties (watchID, propertyID, value) VALUES (5, 12,'');INSERT INTO watches_properties (watchID, propertyID, value) VALUES (5, 13,'SuperLuminova');INSERT INTO watches_properties (watchID, propertyID, value) VALUES (5, 17,'PVD azul');INSERT INTO watches_properties (watchID, propertyID, value) VALUES (5, 18,'');INSERT INTO watches_properties (watchID, propertyID, value) VALUES (5, 19,'Gira sólo así');INSERT INTO watches_properties (watchID, propertyID, value) VALUES (5, 20,'31h');INSERT INTO watches_properties (watchID, propertyID, value) VALUES (5, 21,'');INSERT INTO watches_properties (watchID, propertyID, value) VALUES (6, 1,'');INSERT INTO watches_properties (watchID, propertyID, value) VALUES (6, 2,'');INSERT INTO watches_properties (watchID, propertyID, value) VALUES (6, 3,'');INSERT INTO watches_properties (watchID, propertyID, value) VALUES (6, 4,'');INSERT INTO watches_properties (watchID, propertyID, value) VALUES (6, 10,'');INSERT INTO watches_properties (watchID, propertyID, value) VALUES (6, 12,'');INSERT INTO watches_properties (watchID, propertyID, value) VALUES (6, 13,'SuperLuminova');INSERT INTO watches_properties (watchID, propertyID, value) VALUES (6, 18,'');INSERT INTO watches_properties (watchID, propertyID, value) VALUES (6, 19,'');INSERT INTO watches_properties (watchID, propertyID, value) VALUES (6, 20,'31h');INSERT INTO watches_properties (watchID, propertyID, value) VALUES (6, 21,'');INSERT INTO watches_properties (watchID, propertyID, value) VALUES (7, 1,'');INSERT INTO watches_properties (watchID, propertyID, value) VALUES (7, 2,'');INSERT INTO watches_properties (watchID, propertyID, value) VALUES (7, 3,'');INSERT INTO watches_properties (watchID, propertyID, value) VALUES (7, 4,'');INSERT INTO watches_properties (watchID, propertyID, value) VALUES (7, 10,'');INSERT INTO watches_properties (watchID, propertyID, value) VALUES (7, 12,'');INSERT INTO watches_properties (watchID, propertyID, value) VALUES (7, 13,'SuperLuminova');INSERT INTO watches_properties (watchID, propertyID, value) VALUES (7, 18,'');INSERT INTO watches_properties (watchID, propertyID, value) VALUES (7, 19,'');INSERT INTO watches_properties (watchID, propertyID, value) VALUES (7, 20,'31h');INSERT INTO watches_properties (watchID, propertyID, value) VALUES (7, 21,'');INSERT INTO watches_properties (watchID, propertyID, value) VALUES (8, 1,'');INSERT INTO watches_properties (watchID, propertyID, value) VALUES (8, 2,'');INSERT INTO watches_properties (watchID, propertyID, value) VALUES (8, 3,'');INSERT INTO watches_properties (watchID, propertyID, value) VALUES (8, 4,'');INSERT INTO watches_properties (watchID, propertyID, value) VALUES (8, 10,'');INSERT INTO watches_properties (watchID, propertyID, value) VALUES (8, 12,'');INSERT INTO watches_properties (watchID, propertyID, value) VALUES (8, 13,'SuperLuminova');INSERT INTO watches_properties (watchID, propertyID, value) VALUES (8, 18,'');INSERT INTO watches_properties (watchID, propertyID, value) VALUES (8, 19,'');INSERT INTO watches_properties (watchID, propertyID, value) VALUES (8, 20,'31h');INSERT INTO watches_properties (watchID, propertyID, value) VALUES (8, 21,'');INSERT INTO watches_properties (watchID, propertyID, value) VALUES (9, 1,'');INSERT INTO watches_properties (watchID, propertyID, value) VALUES (9, 2,'');INSERT INTO watches_properties (watchID, propertyID, value) VALUES (9, 3,'');INSERT INTO watches_properties (watchID, propertyID, value) VALUES (9, 4,'');INSERT INTO watches_properties (watchID, propertyID, value) VALUES (9, 10,'');INSERT INTO watches_properties (watchID, propertyID, value) VALUES (9, 12,'');INSERT INTO watches_properties (watchID, propertyID, value) VALUES (9, 13,'SuperLuminova');INSERT INTO watches_properties (watchID, propertyID, value) VALUES (9, 17,'PVD dorado+negro');INSERT INTO watches_properties (watchID, propertyID, value) VALUES (9, 18,'');INSERT INTO watches_properties (watchID, propertyID, value) VALUES (9, 19,'');INSERT INTO watches_properties (watchID, propertyID, value) VALUES (9, 20,'31h');INSERT INTO watches_properties (watchID, propertyID, value) VALUES (9, 21,'');INSERT INTO watches_properties (watchID, propertyID, value) VALUES (10, 1,'');INSERT INTO watches_properties (watchID, propertyID, value) VALUES (10, 2,'');INSERT INTO watches_properties (watchID, propertyID, value) VALUES (10, 3,'');INSERT INTO watches_properties (watchID, propertyID, value) VALUES (10, 4,'');INSERT INTO watches_properties (watchID, propertyID, value) VALUES (10, 10,'');INSERT INTO watches_properties (watchID, propertyID, value) VALUES (10, 12,'');INSERT INTO watches_properties (watchID, propertyID, value) VALUES (10, 13,'SuperLuminova');INSERT INTO watches_properties (watchID, propertyID, value) VALUES (10, 17,'PVD negro');INSERT INTO watches_properties (watchID, propertyID, value) VALUES (10, 18,'');INSERT INTO watches_properties (watchID, propertyID, value) VALUES (10, 19,'');INSERT INTO watches_properties (watchID, propertyID, value) VALUES (10, 20,'31h');INSERT INTO watches_properties (watchID, propertyID, value) VALUES (10, 21,'');INSERT INTO bracelets_watches (watchID, braceletID) VALUES (1,1);INSERT INTO bracelets_watches (watchID, braceletID) VALUES (2,2);INSERT INTO bracelets_watches (watchID, braceletID) VALUES (3,3);INSERT INTO bracelets_watches (watchID, braceletID) VALUES (4,4);INSERT INTO bracelets_watches (watchID, braceletID) VALUES (5,5);INSERT INTO bracelets_watches (watchID, braceletID) VALUES (6,6);INSERT INTO bracelets_watches (watchID, braceletID) VALUES (7,7);INSERT INTO bracelets_watches (watchID, braceletID) VALUES (8,8);INSERT INTO bracelets_watches (watchID, braceletID) VALUES (9,9);INSERT INTO bracelets_watches (watchID, braceletID) VALUES (10,10);